method,mean_initial_length,mean_final_length,mean_relative_improvement,std_relative_improvement,mean_num_steps,std_num_steps,mean_runtime_sec,std_runtime_sec
nearest_neighbor,6.960534567798464,6.960534567798464,0.0,0.0,0.0,0.0,0.00014851185958832501,1.1547669991228919e-05
nearest_neighbor_two_opt,6.960534567798464,6.32235382664644,0.08852036204830543,0.05644819725572051,7.06,3.484133130847527,0.011300489022396505,0.005415722000929951
random_operator,6.960534567798464,6.7668099417760015,0.02769886290091382,0.03348556276611916,20.38,19.942662708835236,0.027763282624073328,0.028065490745909496
fixed_schedule,6.960534567798464,6.1428648721567525,0.1141845287381016,0.055234177427339694,17.88,6.965336917001713,0.029118936909362673,0.011421279069948956
dqn_efficiency,6.960534567798464,6.080831492439532,0.12384403448989312,0.048172937933410105,23.42,15.14432607430578,0.10119159066583962,0.06624068178500261
dqn_quality,6.960534567798464,5.952912997263732,0.14158016387619848,0.05455659640282563,86.74,24.31746663765511,0.3840132045513019,0.10891986356641731
